{"data1_handwriting": {"char_accs": [0.8982259570494865, 0.9925373134328358], "word_accs": [0.7832699619771863, 0.9682539682539683], "line_accs": [0.05714285714285714, 0.23809523809523808]}, "data2_fontGenerated": {"char_accs": [0.9273356401384083, 0.6033519553072626, 0.9981884057971014, 0.9981617647058824, 0.9991015274034142, 0.8539889613647768, 0.9953364423717521, 0.9991959260251944, 0.9982876712328768, 0.9975961538461539, 0.6628895184135978, 0.9980302035456337, 0.9985590778097982, 0.9969879518072289, 0.9400884599919582, 0.9150726855394032, 0.998019801980198, 0.9965753424657534, 0.9942084942084942, 0.9988636363636364, 0.9965541006202618], "word_accs": [0.9180327868852459, 0.8823529411764706, 1.0, 1.0, 1.0, 0.8612099644128114, 0.9753694581280788, 1.0, 1.0, 1.0, 0.6191646191646192, 1.0, 1.0, 0.987012987012987, 0.8179419525065963, 0.9230769230769231, 1.0, 0.9864864864864865, 0.9878048780487805, 1.0, 0.99], "line_accs": [0.16666666666666666, 0.06666666666666667, 0.17391304347826086, 0.16666666666666666, 0.05263157894736842, 0.0, 0.07407407407407407, 0.2608695652173913, 0.2222222222222222, 0.1875, 0.1, 0.5, 0.17391304347826086, 0.09523809523809523, 0.25, 0.1111111111111111, 0.5, 0.08333333333333333, 0.08333333333333333, 0.1724137931034483, 0.0]}}