{"data3_fontWrittenGenerated": {"char_accs": [0.9978370583994232, 0.3662420382165605, 0.9929742388758782, 0.9789029535864979, 0.927463731865933, 0.9804822043628014, 0.9974489795918368, 0.8895463510848126, 0.9847259658580413, 0.9650892164468581, 0.9988479262672811, 0.1390922401171303, 0.997289972899729, 0.9977695167286246, 0.830379746835443, 0.9039932030586236, 0.9170696758015404, 0.367986798679868, 0.9977628635346756, 0.0150093808630394, 0.998165137614679, 0.9975308641975309, 0.9970174691095015, 0.9569762766385203, 0.7680981595092025, 0.9981412639405205, 0.9969879518072289, 0.9947780678851175, 0.1822056473095365, 0.6031746031746031, 0.9889135254988913, 0.9974554707379135, 0.9969856819894499, 0.9983922829581994, 0.9986531986531987, 0.9981884057971014, 0.38471910112359553, 0.9977973568281938, 0.9597222222222223, 0.18564176939811458, 0.9239357990230286, 0.916452442159383, 0.76775956284153, 0.9937178754997145, 0.653558052434457, 0.8462311557788945, 0.9984939759036144, 0.46335078534031415, 0.5545722713864307, 0.8255687973997833, 0.9848484848484849, 0.9828767123287672, 0.99867197875166, 0.9985583853916387, 0.8813096862210096, 0.9855272226051, 0.8569994982438535, 0.9797979797979798, 0.3652173913043478, 0.9818049490538574, 0.9975961538461539, 0.998422712933754, 0.9989270386266095, 0.9457478005865103, 0.9981617647058824, 0.9947312961011591, 0.879392212725546, 0.9974293059125964, 0.9953051643192489, 0.7406896551724138, 0.9723451327433629, 0.8870251603354712, 0.47404063205417607, 0.9954586739327884, 0.03928266438941076, 0.1755139613378337, 0.2721518987341772, 0.15840118430792005, 0.991304347826087, 0.15055467511885895, 0.9964912280701754, 0.9620449264136328, 0.5206611570247934, 0.33234067897558073, 0.9964788732394366, 0.9991652754590985, 0.9985528219971056, 0.9180576631259484, 0.9300341296928327, 0.9945553539019963, 0.9975747776879548, 0.9966688874083944, 0.9853372434017595, 0.3086680761099366, 0.1800614844093105, 0.8249733191035219, 0.7075606276747504, 0.9980487804878049, 0.9973718791064389, 0.9976905311778291], "word_accs": [0.9882352941176471, 0.3472222222222222, 0.9743589743589743, 0.9688385269121813, 0.9278350515463918, 0.9832402234636871, 1.0, 0.7906976744186046, 0.9142857142857143, 0.979381443298969, 1.0, 0.24193548387096775, 0.9826086956521739, 0.9907407407407407, 0.9565217391304348, 0.9206349206349206, 0.9700427960057061, 0.6625, 1.0, 0.03308823529411765, 1.0, 1.0, 0.9931506849315068, 0.8654353562005277, 0.7822222222222223, 1.0, 1.0, 0.9743589743589743, 0.2169811320754717, 1.0, 0.91, 1.0, 0.9810126582278481, 1.0, 0.9945054945054945, 1.0, 0.41830065359477125, 0.983739837398374, 0.9864864864864865, 0.4125, 0.8786127167630058, 0.9186602870813397, 0.8900523560209425, 0.9876543209876543, 0.7301587301587301, 0.8405797101449275, 1.0, 0.3700787401574803, 0.4372093023255814, 0.8888888888888888, 0.890625, 0.9487179487179487, 1.0, 1.0, 0.8245614035087719, 0.9748743718592965, 0.8754448398576512, 0.9305555555555556, 0.5016949152542373, 0.9821882951653944, 1.0, 1.0, 1.0, 0.8607594936708861, 1.0, 0.9699248120300752, 0.7994011976047904, 0.9878048780487805, 0.9803921568627451, 0.8975609756097561, 0.9818181818181818, 0.8625954198473282, 0.41379310344827586, 0.9583333333333334, 0.38596491228070173, 0.09719626168224299, 0.36, 0.16560509554140126, 0.9634146341463414, 0.2534246575342466, 1.0, 0.9595959595959596, 0.7488151658767772, 0.32124352331606215, 0.9841269841269841, 1.0, 1.0, 0.8571428571428571, 0.9066666666666666, 0.9927007299270073, 0.9900990099009901, 0.9901960784313726, 0.9285714285714286, 0.868421052631579, 0.36129032258064514, 0.9430523917995444, 0.8235294117647058, 0.9805825242718447, 0.9896907216494846, 1.0], "line_accs": [0.17391304347826086, 0.041666666666666664, 0.2, 0.03773584905660377, 0.21428571428571427, 0.5882352941176471, 0.125, 0.4, 0.16666666666666666, 0.07692307692307693, 0.06896551724137931, 0.08, 0.10526315789473684, 0.125, 0.2, 0.14285714285714285, 0.022727272727272728, 0.4, 0.09090909090909091, 0.08695652173913043, 0.09090909090909091, 0.125, 0.11363636363636363, 0.25, 0.08, 0.125, 0.13333333333333333, 0.058823529411764705, 0.041666666666666664, 0.125, 0.1111111111111111, 0.11764705882352941, 0.11627906976744186, 0.15, 0.11627906976744186, 0.17391304347826086, 0.02631578947368421, 0.17142857142857143, 0.21739130434782608, 0.13043478260869565, 0.03125, 0.1111111111111111, 0.0, 0.10344827586206896, 0.14285714285714285, 0.0, 0.14285714285714285, 0.125, 0.08, 0.25, 0.09523809523809523, 0.3939393939393939, 0.14814814814814814, 0.07894736842105263, 0.21428571428571427, 0.038461538461538464, 0.025, 0.05263157894736842, 0.02631578947368421, 0.0784313725490196, 0.1875, 0.14285714285714285, 0.15151515151515152, 0.16, 0.16666666666666666, 0.1111111111111111, 0.1484375, 0.2222222222222222, 0.13333333333333333, 0.0, 0.058823529411764705, 0.425, 0.11764705882352941, 0.15789473684210525, 0.16, 0.07407407407407407, 0.11764705882352941, 0.043478260869565216, 0.08333333333333333, 0.02631578947368421, 0.25, 0.05263157894736842, 0.08695652173913043, 0.11764705882352941, 0.045454545454545456, 0.16666666666666666, 0.07142857142857142, 0.0, 0.125, 0.4222222222222222, 0.07407407407407407, 0.1111111111111111, 0.25, 0.09523809523809523, 0.09375, 0.07142857142857142, 0.2222222222222222, 0.08823529411764706, 0.5, 0.16666666666666666]}, "data1_handwriting": {"char_accs": [0.8890959925442684, 0.9965317919075144, 0.8982259570494865, 0.9925373134328358], "word_accs": [0.8520710059171598, 0.9090909090909091, 0.7832699619771863, 0.9682539682539683], "line_accs": [0.6842105263157895, 0.8461538461538461, 0.05714285714285714, 0.23809523809523808]}, "data2_fontGenerated": {"char_accs": [0.9273356401384083, 0.6766917293233082, 0.9981884057971014, 0.9963235294117647, 0.9973045822102425, 0.8539889613647768, 0.9953364423717521, 0.9991959260251944, 0.9965753424657534, 0.9975961538461539, 0.7045769764216366, 0.9980302035456337, 0.9971181556195965, 0.9969879518072289, 0.9400884599919582, 0.9985693848354793, 0.9138888888888889, 0.9982876712328768, 0.9961389961389961, 0.9982964224872232, 0.9965541006202618, 0.9991652754590985, 0.8496583143507973, 0.9185393258426966, 0.9397354238118569, 0.9988974641675854, 0.9992429977289932, 0.9968203497615262, 0.9928552527123577, 0.8183442525312686, 0.9533011272141707, 0.930379746835443, 0.998422712933754, 0.9941520467836257, 0.997411561691113, 0.997872340425532, 0.9964028776978417, 0.9992784992784993, 0.9853917662682603, 0.9956076134699854, 0.9988623435722411, 0.9764988009592326, 0.8967495219885278, 0.9951456310679612, 0.998165137614679, 0.9597222222222223, 0.9983221476510067, 0.9985590778097982, 0.5992063492063492, 0.9988479262672811, 0.9919614147909968, 0.9487040058002537, 0.9969879518072289, 0.9978700745473909, 0.8158640226628895, 0.998256320836966, 0.9970291146761735, 0.9982394366197183, 0.9981060606060606, 0.9076464746772592, 0.9873417721518988, 0.99812734082397, 0.9964912280701754, 0.983387504514265, 0.9985528219971056, 0.9327354260089686, 0.9953271028037384, 0.9965782720273738, 0.9974760222110045, 0.9981412639405205, 0.9464285714285714, 0.9977426636568849, 0.9779899230973217, 0.9950083194675541, 0.9949545913218971, 0.9990243902439024, 0.9650892164468581, 0.7137042062415196, 0.9127358490566038, 0.9806915132465199, 0.9974554707379135, 0.9949475320637389, 0.6314199395770392, 0.3780687397708674, 0.9974489795918368, 0.7021857923497268, 0.981994459833795, 0.9973890339425587, 0.9969856819894499, 0.7840490797546013, 0.998533724340176, 0.9826086956521739, 0.9981884057971014, 0.9981042654028436, 0.8026490066225166, 0.9978925184404637, 0.7037037037037037, 0.9973063973063973, 0.9962825278810409, 0.9972924187725631],